symbol,contract,start,end
PM,PM1301.CZC,20120117,20121204
PM,PM1305.CZC,20121205,20121207
PM,PM1301.CZC,20121210,20121210
PM,PM1309.CZC,20121211,20130220
PM,PM1311.CZC,20130221,20130221
PM,PM1401.CZC,20130222,20130222
PM,PM1305.CZC,20130225,20130225
PM,PM1311.CZC,20130226,20130226
PM,PM1401.CZC,20130227,20130227
PM,PM1309.CZC,20130228,20130228
PM,PM1307.CZC,20130301,20130705
PM,PM1309.CZC,20130708,20130912
PM,PM1401.CZC,20130913,20140103
PM,PM1409.CZC,20140106,20140320
PM,PM1405.CZC,20140321,20140422
PM,PM1409.CZC,20140423,20140728
PM,PM507.CZC,20140729,20140909
PM,PM1501.CZC,20140910,20150107
PM,PM1505.CZC,20150108,20150112
PM,PM509.CZC,20150113,20150318
PM,PM1505.CZC,20150319,20150408
PM,PM509.CZC,20150409,20150413
PM,PM1505.CZC,20150414,20150506
PM,PM509.CZC,20150507,20150520
PM,PM605.CZC,20150521,20150521
PM,PM511.CZC,20150522,20150528
PM,PM605.CZC,20150529,20150710
PM,PM601.CZC,20150713,20160114
PM,PM605.CZC,20160115,20160425
PM,PM607.CZC,20160426,20160426
PM,PM611.CZC,20160427,20160429
PM,PM611.CZC,20160503,20160606
PM,PM701.CZC,20160607,20160607
PM,PM611.CZC,20160608,20160728
PM,PM611.CZC,20160729,20160906
PM,PM701.CZC,20160907,20161205
PM,PM701.CZC,20161206,20161215
PM,PM705.CZC,20161216,20161216
PM,PM701.CZC,20161219,20170104
PM,PM705.CZC,20170105,20170106
PM,PM701.CZC,20170109,20170113
PM,PM703.CZC,20170116,20170223
PM,PM705.CZC,20170224,20170303
PM,PM703.CZC,20170306,20170313
PM,PM705.CZC,20170314,20170331
PM,PM709.CZC,20170405,20170407
PM,PM705.CZC,20170410,20170502
PM,PM801.CZC,20170503,20170503
PM,PM709.CZC,20170504,20170913
PM,PM711.CZC,20170914,20171113
PM,PM801.CZC,20171114,20171225
PM,PM805.CZC,20171226,20180514
PM,PM807.CZC,20180515,20180702
PM,PM809.CZC,20180703,20180806
PM,PM901.CZC,20180807,20180810
PM,PM809.CZC,20180813,20180816
PM,PM901.CZC,20180817,20181121
PM,PM907.CZC,20181122,20181129
PM,PM901.CZC,20181130,20181228
PM,PM907.CZC,20190102,20190102
PM,PM905.CZC,20190103,20190516
PM,PM907.CZC,20190517,20190711
PM,PM909.CZC,20190712,20190826
PM,PM007.CZC,20190827,20200713
PM,PM105.CZC,20200714,20200720
PM,PM009.CZC,20200721,20200803
PM,PM107.CZC,20200804,20200804
PM,PM105.CZC,20200805,20200812
PM,PM103.CZC,20200813,20200914
PM,PM105.CZC,20200915,20200917
PM,PM103.CZC,20200918,20200918
PM,PM105.CZC,20200921,20200922
PM,PM103.CZC,20200923,20201012
PM,PM105.CZC,20201013,20201013
PM,PM103.CZC,20201014,20201021
PM,PM107.CZC,20201022,20201202
PM,PM105.CZC,20201203,20201209
PM,PM107.CZC,20201210,20201211
PM,PM105.CZC,20201214,20210119
PM,PM107.CZC,20210120,20210120
PM,PM105.CZC,20210121,20210121
PM,PM107.CZC,20210122,20210125
PM,PM105.CZC,20210126,20210128
PM,PM107.CZC,20210129,20210713
PM,PM201.CZC,20210714,20210714
PM,PM109.CZC,20210715,20210913
PM,PM207.CZC,20210914,20210914
PM,PM201.CZC,20210915,20220114
PM,PM203.CZC,20220117,20220311
PM,PM205.CZC,20220314,20220426
PM,PM207.CZC,20220427,20220701
PM,PM209.CZC,20220704,20220914
PM,PM211.CZC,20220915,20221111
PM,PM301.CZC,20221114,20230113
PM,PM303.CZC,20230116,20230313
PM,PM305.CZC,20230314,20230516
PM,PM307.CZC,20230517,20230713
PM,PM309.CZC,20230714,20230913
PM,PM311.CZC,20230914,20231113
PM,PM401.CZC,20231114,20240112
PM,PM403.CZC,20240115,20240313
PM,PM405.CZC,20240314,20240516
PM,PM407.CZC,20240517,20240628
